Reviewer Name,Review Date,Review Content
BEH F.,2 weeks ago,"Very satisfied worth buying The built-in speakers offer convenient audio output., The 75Hz refresh rate provides smooth gameplay., The curved design is amazing!,"
Melton W.,21 Dec 2024,"The 165Hz refresh rate is so smooth!, The frameless display is sleek and modern., The built-in speakers offer convenient audio output.,"
w***g,09 Jan 2024,"Item itu dibungkus dengan baik. Sokongan penjual sangat responsif. Sangat menampung. Tiada kecacatan pada paparan. Bekerja dengan sempurna.
Ia berfungsi hebat! ğŸ‘ğŸ‘ğŸ‘"
p***a,11 Oct 2023,"Performance: Beautiful picture, good value, full equipment, easy to play, curved screen, Beautiful, fast delivery, 3 days can be Chonburi, the picture came out beautiful, realistic, adjust light, color, sound, light. As for durability, you need to try how many years it lasts, but the price is worth it."
c***n,17 Oct 2023,I am completely in loveeee! The packaging was very protected. This is a very good quality with a very good price. The delivery was pretty fast as well only took 3 - 4 days to be delivered. Works so well for me and thank you so much ğŸ’•
D***h,17 Jan 2024,"Kualiti monitor ini. Selepas menggunakannya baru-baru ini, kualitinya sangat baik, dan saya sangat yakin bahawa saiz produk adalah tepat semasa digunakan, dan kesan permainan juga sangat baik. Dan ia hanya sesuai di rak monitor baru saya"
t***5,05 Jan 2024,"I received the order, the delivery is fast. I didn't wait long for the product to be delivered exactly as I ordered, it was overall okay, good, I like it, I have any problems, I can report it to the shop, but I may not be able to understand it, but the shop responds quickly.
Ordered yesterday, delivered today, very fast. Pagmadi Easy leg extension The quality is good. ğŸ¥°ğŸ¥°ğŸ¥°ğŸ¥°ğŸ¥°ğŸ¥°ğŸ¥°ğŸ¥°ğŸ¥°"
S***w,11 Nov 2023,The product was delivered quickly and in perfect condition. The logistics team ensured that the monitor arrived safely without any damage.
yeemh,07 Feb 2024,"Penghantaran cepat. Dibungkus dengan baik dan selamat. Produk yang baik. Ia sempurna, kualiti gambar sangat jelas. Syabas dan terima kasih atas tindak balas yang cepat apabila anda memerlukan bantuan. Penjual yang bertanggungjawab memanggil sebelum menghantar item. Kualiti produk juga sempurna dan harganya juga sangat baik."
naser N.,1 week ago,IT is so good the quailty is amazing
n***.,26 Dec 2023,"Lightning fast shipment. Order, and get it the next day via Ninja. Product was perfect for me."
Loquat,19 Dec 2023,"Performance: terbaik
Screen cantik, senang nak pasang, delivery cepat"
x***n,11 Nov 2023,Product received quite fast and well packing. The monitor is working well
Eddy L.,26 Jul 2024,"Goods received without any damage. 
Screen quality is acceptable. 
Graphic quality is fair, but HDR is not supported.
Resolution unable to reach the stated 1920 x 1080, but only 1860 x 1050. 
Monitor stand seems less sturdy (tilting is loose).
But definitely value for money. Recommended!ğŸ‘ğŸ»"
Ananth V.,05 Jun 2024,Product is okay..The colour is just okay too..not so great as in video..Just have to be satisfied with the price..It shouldnt be said as a gaming monitor
S***l,05 May 2024,good quality monitor. harga berpatutan. monitor cantik sesuai utk kerja / gaming. terbaik
Lwin M.,15 May 2024,"Fast Delivery. Frame is thick, Stand design is not so good. Worth it with the price."
T***e,19 Dec 2023,"Truly value for money monitor.. From the quality of the packaging brg Sgt is good.. Received in good condition, and seller has been very helpful. Will definitely purchase from seller again"
q***n,11 Dec 2023,"""The inside of the pack is not damaged at all. The delivery was considered quite fast, about 3-4 days, the goods were completed exactly as ordered. The color display is okay, so it's fresher than you can see in the picture. As for the warranty card, I don't see it in the box, so I'm not sure if I can claim or not.
"""
b***e,14 Dec 2023,"Performance: nicely pack
Nicely pack and delivering handle with care. Seller msg to confirm order right away, and inform when the product was sent for courier. And inform on the cables come tgt with the package."
dang5,11 Dec 2023,"The quality of the Expose monitor is outstanding. The display is crisp and vibrant, offering an immersive viewing experience with accurate colors and sharp details."
a***b,25 Jan 2024,"The product is delivered very quickly, packed tightly and neatly. No tearing or damage The product is as good as I ordered, I recommend this shop very good. ğŸ‘ğŸ»ğŸ‘ğŸ»ğŸ‘ğŸ»ğŸ‘ğŸ»ğŸ¥°ğŸ¥°ğŸ¥°The product has arrived, it is well wrapped in shockproof and very easy to assemble. The product is not defective, the screen is clear, sharp, good. Big as much as the size of the value."
i***o,03 Jan 2024,"Thank you, seller. ğŸ˜˜ğŸ˜˜   So tolerant and answering my question ğŸ˜.  I accept things in good packages.Good product. Good packaging. Really fast postage. Monitor in good condition while received ğŸ‘ğŸ‘ğŸ‘ Item(s) arrives at time(s) within the time frame of the sending time.. item completed ğŸ˜ŠğŸ‘ğŸ»  Happy with my purchase. I hope the quality is fine. Waiting for the next purchase."
a***y,09 Dec 2023,"Very fast delivery, complete delivery, tight package, good condition, no defects, good quality product, beautiful clear image, this price is worth it, fast delivery, fast delivery, there is a chance to come to subsidize new products. Close the end pour expose. At first, I was worried about Dead Pixels. I can't open it. Relief is well sharpened. In this video, it's actually clearer."
G***.,02 Dec 2023,"The 165Hz refresh rate is so smooth!, The curved design is amazing!, The built-in speakers offer convenient audio output., The frameless display is sleek and modern., The 165Hz refresh rate is so smooth!, The curved design is amazing!, The frameless display is sleek and modern.,"
